adición,aguante,aguijón,ajedrez,albañil,alcance,aliento,anciana,aptitud,aristas,arreglo,atuendo,audacia,aullido,balanza,bandera,barbero,barriga,biólogo,bohemia,cadáver,camisón,cantina,capilla,capitán,caracol,caverna,cazuela,cigüeña,conjuro,cosecha,costura,crucero,cáscara,delicia,descaro,detalle,dulzura,emoción,encanto,entidad,entorno,espanto,espiral,estatua,estatus,evasión,facetas,fealdad,felinos,fortuna,frenesí,galaxia,gatillo,granito,hoguera,hormona,huracán,indicio,inercia,influjo,ingreso,intriga,lamento,letrero,levante,llanura,lucidez,lágrima,lástima,madrina,madurez,malicia,mandato,mejilla,milagro,misiles,modales,monarca,montaje,místico,neblina,nitidez,padrino,palacio,palanca,pantano,panteón,parcela,pericia,pistola,planeta,poblado,premisa,pupitre,péndulo,reclamo,reflejo,regreso,reserva,resorte,revuelo,réplica,salario,sanidad,semilla,socorro,solidez,soltura,suspiro,timidez,torpeza,tributo,trámite,validez,vampiro,vanidad,viajero,vinagre,vínculo
sumar,resistir alguno presión u obstaculo,parte avispa,juego mesa,hombre fuerte,acercar él,generar olor bocar,viejo,capacidad,parte,similar listo programación,buen imagen,capacidad,sonido emitir perro,equilibrio,rectangulo,peluquero,panza,persona,['despreocupación'],vida,vestimento mujer,local,techo,liderar,lento,cueva,bastante líquido,vida,magia,maiz,arreglar,embarcacion,['duro'],rico,actitud,pequeño,forma ser persona,sentimiento,hechacer,['asociación'],['grande'],horror,ciclo,mover,social,salida,cara,horrible,gatuno,suerte,hacer referencia delirio,planeta,parte pistola,piedra pequeño,encierro,secreción,tornado,pista,incapacidad,efecto,entrar,suspenso,tristesa,pancarta,comienzo,grande,claridad,llorar,perdido,guardián,etapa,maldad,orden,humildad,religión,guerra,parte buen educación,lider,acto,misterioso,humedad,claro,pelicular,gigante,ayuda,nenufar,['grecia'],libertad,habilidad,servir matar,esférico,pueblo,inicio conversación,banco,oscilación,molestia,poder ser espejo,volver,['si acaso'],metal espiral,relevante,copia,remuneracion,sano,vida,pedir ayuda,consistencia,ágil,tranquilidad,acompañado sonrojo,poco destreza,usar carrera posta,vez engorroso,importante,['chupar sangre'],cualidad mal visto,trotamundo,ensalada,relación profundo
operacion matematico,perseverar,parte escorpion,tablerir cuadro oscuro claro,construccion,topar,expulsar aire,tercero edad,habilidad,diferente disposición,conjunto flor regalar,indumentario,intrepido,sonido emitir lobo,pesar,color,atención personal,gordura,cientifico,['vagancia'],mover,vestimento salir,lugar juntar amigo,ver religión,dar orden,caparazon,poco luz,comida típico chileno,ave,extraño,alimento,vestido,viaje varios parada,['desechar'],dulce,persona disimula,mayor importancia,amabilidad,vez fuerte,gusto,['persona'],['objeto'],feo,doblado,solida,abc1,escape,fase,atroz,salvaje,futuro,caracterizar alguien excitado,universo,parte escopeta,piedra pequeño,palabra usado pasado,crecimiento,vaca,parte investigación,falta energía,ejercer supremacir,registro,misterio,perdido,anuncio,amanecer,vegetación,rapidez comprender,pena,dolor,protector,centrado,malo intención,acatar,mofletir,suerte,arma,parte norma etiquetar,seguidor,simulacrir,secreto,frio,entender,mafia,mucho habitación,fisicar,húmedo,['arquitectura'],lejanir,destreza,arma,gravedad,casa,dar paso debate,escritorio,suspendido punto,queja,mismo,viaje,['comida'],pieza elastico,importante,repetición,pago,buen salud,arbol,desesperacion,materia,hábil,relajo,poco capacidad hablar,falta habilidad,fragmento acero madera,agotador,respaldado,['mamifero'],mas relacionado hacia mujer,mucho energía,manzán,compañerismo
composicion,resistente,punza,juego estretegia,gordo,seguir,necesario trabajo difici él,cariñoso,potencial,linea,reparar,formal,tomar riego,sonido emitir comunicarese,masar,pai,atención hombre,posible embarazo,investigacion,['descuido'],frio,vestimento dormir,lugar vender comida,ventana,hacer caso,pequeño,bar,caliente,nacimiento,desear,vegetal,hilo,viaje océano,['nutritivo'],pastel,alguien vergüenza,relevante,gusto comida,temporal,agrado,['jerarquia'],['animal'],susto,flexible,distinto material,prestigio,huida,lado,malo,doméstico,adivinar,hablar alguien agitado,gigante,parte arma,minusculo,mal ver,desarrollo,peligroso,suposición,inactividad,influencia,establecimiento,tramar,emoción,propaganda,alegría,animal,entendimiento,lamento,tristeza,defensor,experiencia,daño,poder ser ignorado,cachete,improbable,eeuu,gesto,impuesto,superpuesto,espiritual,poco visibilidad,referir él imagen hd,imigrant,hermoso,torcar,mucho agua,['antiguo'],calma,capacidad,acero,poder tener vida,persona,dar paso razonamiento,utilizado apoyar él,torcar,amonestacion,refracción luz,vuelta,['importante'],muelle,consecuencia,terremoto,sueldo,emfermedad,fruto seco,peligro,fortaleza,directo,necesidad,voz temblorós,ineptitud,fragmento acero madera,aburrido,verdadero,['rabio'],orgullo propio,gran conocedor,alivia picado jelly fish,humanidad
dos mas numero,persona fuerte,veneno,jaque mate,viejo,buscar,motivar alguien,pequeño,talento,borde,ordenar,vestimento,miedo,animal escucha grande distancia,libra,identidad,cuidado personal,parte baja torso,planta,['abandono'],poder ver,solo pieza,lugar vender bebida,usar orar,dirigir,baboso,cavidad,verdura,buen noticia,fórmula,agricultura,aguja,gran barco,['protector'],agradable,describir hablar alguien,poder ignorar él,propio dulce,acord situación,placer,['actividad laboral'],['persona'],horrible,repetitivo,generalemente piedra,privilegio,fuga,aspecto,monstruo,félido,probabilidad,hablar alguien exacerbar,humano frente,utilizar realizar disparo,pequeño apor tú,fuerte,reproducción,arrasador,poder ser material,movimiento,control,recinto,enredar,odio,atención,nuevo comenzar,hoyo,capacidad intelectual,sollozo,desengaño,compañera,menos risa,indebido,dirección,sonrojar,probabilidad baja,casi provocar tercero guerra mundial,movimiento,generación,poder ser teatro,sagrado,niebla,bien explicado,droga,vegetación,broma,rana,['muerte'],lugar espacioso,agilidad,tipo,tierra,tienda,dar paso discusión,utilizado poder escribir mejor,pendiente,peticion,ocurrir superficie liso,voltear,['si agotar'],amortiguador,traer conseguir,segundo vez,retribucion,limpiar,duro,acudir ayuda,firmeza,holgar,cansancio,postura contraido,incompetencia,forma respetar,requerir madrugar generalmente,estudiar,['comen fruta'],personalidad,sueño,venir,cercanir
numero,tener conviccion,provocar inflamacion,juego 2 persona,bigote,perseguir,animo,canoso,destreza,oril él,poner él vistosoar,ropa hombre,tomar acción,forma expresar él,medir peso comida cosa granel,orgullo,lugar relajo,guato,profesional,['desordir'],asesinar,distinto modelo,elemento llevar liquido,grande,nadie superior,pegajoso,profundo,nutritiva,buen augurio,hechacer,agronomía,zig zag,viaje placer,['superficial'],placer,describir actúar alguien,dejar final,suave,ir venir,deleitar,['colectivo'],['colorir'],mosntruo,rotacion,tallado,basura,elusion,dimension,bonito,indomable,juegos azar,alguien animo alterar,via lactear,palanco,avance,calor,molécular,destructivo,poder ser circunstancia,fisicar,manipulación,abrir,embrollo,corazón roto,encabezado,ciclo,vida,análisis,gota salado,melancolía,suplente,adultez,peligroso,obedecer,bondad,fe,teledirigido,actitud,grande,imito,divino,bruma,casi trasparente,lavado dinero,sirvient,fuerza,anfibio,['tumba'],segundo hogar,cuidado,usar bala,enorme,vida,dar paso conclusión,estudiar,colgante,exigir,acto involuntario cuerpo,atrás,['guardar'],tensor,hecho,parecido anterior,recompenso trabajo,saludable,servir germinar,situacion peligroso,dureza,fácil adaptación,agotado,acompañar miedo,incapacidad,dar,necesario,ley universal,['sistema navegacion nocturno'],fisico,todo parte,acir,dos persona
agregar,jama rendir él,vez provocar reacción alérgicar,poder jugar tiempo,hombre,cercanir,fuerza,calvo,competencia,lado persona,acomodar bien,ropa mijer,emprender,distinto tono,kilograr,nacionalidad,arreglar barba,estomago,conocimiento,['cultural'],poder faltar parte,usado mas primavera,especie bodega,ir persona,respetar,medicinal,natural,especial invierno,fertilidad,encanto,fruta,emergencia,viaje recreación,['colorida'],agrado,alguien actúar desfachatez,principal,ternura persona,fugaz,delicia,['empresa'],['correr viento'],susto,escape,poder tener letra,estupidez,ahorrar ilegalmente impuesto,parte,caracterizar accion malo alguien,parecer gato,casino,sustantivo,energía casi infinitar,pieza pequeño,comenzar,malo consecuencia,mensaje,giran velocidad impresionante,parte dedución,reposo relativo,posibilidad actuar,salir exterior,incertidumbre,decepción,información,luz día,persona,reflexión,agua,inquietud,cuidadora,preparado,malo,ordenar alguien superior,parte cara,representado divinidad,poder ser nuclear,predisposición,imponente,representar,celestial,humo,explicito,hombre mal vivir,baño,abrir,mucho biodiversidad,['monumento'],descanso,conocimiento,peligroso,radio,hostal,utilizar tema contingencia,mesa escuela,péndola,demandar,comprobar mirada,último tramo,['almacenar'],rebote,acción,nuevamente,pagar dinero,suciedad,poder plantar,necesidad,resistencia,describir persona,final diar,posible pánico,boberio,conmemorativo,requerir ocupado,correcto,['radar'],reflejo,poder ser turístico,agrio,sentimiento
coleccionar,cumplir meta,quedar incrustado,realizar grande torneo,sudoración,conseguir,compañerismo,lento,facultad hacer,segmento figurar,herramienta,ropa niña,valentir,distinto significado segun maullido,manual digital,origen,habilidoso navaja,comida chatarra,microorganismo,['tipo vida'],ojo,usado verano,lugar comercial,asiento,hablar fuerte,plagar,parte alegoer platón,comida casera,traer beb cuento,pelicular,temporada,ropa,bordo entrega variedad servicio,['fruta'],gusto,actitud,minucioso,bondad,enojo,fascinacion,['vivir'],['usar sociabilizar'],fantasma,infinito,representar alguien,cuico,librar él,elemento inscrito poliedro,caracterizar persona carecer bellezq,fiero,depender cada persona,sentimiento,brillant,presionar,inclusión,amenazar,excreción,katrina,signo obvio,mantención situación,posibilidad determinación,universidad,sentir interés,engaño,cartel,superación,planiciar,conciencia,lagrima feliciddad,olvir,consejera,solitario,intención,acción,dar parte renegación,acontecimiento único,destrucción masivo,comportamiento público,conocido,servir recrear acto,contener mágia,calimo,exacto,ceremonia religioso,mueble,barra,habitable,['sepulcro'],fin semana,táctico,apta cualquiera persona,eje,comida,prejuicio,mesa,mecánico,protestar,vez ocurrir agua,caminar,['esconder'],conservacion movimiento,alborotir,freestyle,dinero recibir trabajador,hospital,poder comer,preocupacion,compacto,cualidad,palabra importante,manera ser,necedad,usual fútbol,poder ser negocio,real,['dracular'],espejo,conocer,fermentacion,lazo
matematico,soportir,puntiagudir,juego silencioso,barril,distancia,apoyar,edad,predisposicion,linea figurar,martillo,generar fábrica,coraje,sonido,instrumento antiguo,sentimiento unidad,habilidoso tijera,vida saludable,universidad,['artistico'],bocar,otorgar comodidad,lugar ir distraer él,estatua,claro,caparazon,cabernicola,servir almuerzo cena,transporta agua,invocación,pilar sociedad,parte unir ropa,turístico,['naranjar'],comida rica,desagradable,diminutir,sensibilidad persona,amor,persona,['componer varios parte'],['arbol'],desconocido,resor tú,pesado,nivel,distraer él,apariencia personalidad,caracterizar animal,ágil,ver,alguien apasionado,espiral,empuja bala arma,sencillo,fuego,concentración,usual eeuu caribir,señal físico,impulso,elección propio,registro civil,curiosidad,mal,lema,equipo futbol,lugar exteso vacio,coherencia,sentimiento dolor,emoción,cristiana,crecer,intención,inmediato,besar conocido,espiritual,ir vida,comportamiento persona diferente,superior,poder ser falso,representar unión alma divinidad,fosco,directo,moral,cuadro,influencia,asocia verde,['mausoleo'],terreno,experiencia,eeuu mucho,rota,granja,proposicion,puesto,pieza reloj,llamado,representar realidad,cansancio,['último recurso'],almacenador energiar mecanico,agitado,copia,renta recibido trabajador,remedio,buen fuente fibrar,ayuda,mover,describir situacion,respirar,propio inseguridad,estupidez,usar señal respetar,firma,creible,['horrible'],arreglado,experiencia definir,alcohol,relación material
sumar,mantener él,dolor,caballo,brochaber,poder hacer,acompañar,señora,vocación,union dos vertiz,construir,moda,propio héroe literario,perro,peso,compartir,buen pulso,ejercicio,animal,['poesía'],brazo,olgaado,lugar ir beber,libro,buscar mejor,baboso,cueva,carne,ave,exorcismo,trigo,poder ser tejido,caro,['platano'],generar satisfacción,disimulo,instantaneo,niño,manejabl,cariñoso,['representar'],['poder vacio'],araña,amortiguador,resistente,superioridad,hacer él cargo,matiz,caracterizar cosa,predador,riqueza,amar locura alguien,albert einstein,interruptor,facil,madera,sustancia químico,usual eeuu caribir,evidencia hecho,actividad,influir,familiar,duda,llanto,bar,jugador,lugar exteso vacio,ingenio,gota,fallar,formación religioso,desarrollar él,escondido,directo,parte indicar tamaño cachet,poco caso,herramienta destrucción,comportamiento privado,subdito,parecer verdadero,divino,oscuridad,concepto,etico,piso,mejorar,bioma,['cementerio'],grande,maester,poder usar defensa personal,luna,animal,suposición,mueble,balancear él,querellar él,igualdad,tranquilidad,['guardar'],compresion,desordenado,falsificacion,dinero entregar empleador,agua,poder sacar fruto,grito,respaldo,persona franco,cansancio,lleno verguenza,fallo,donación,requerir presencia,correcto,['diente'],aspecto,recorrer país,acetico,profundo
operación,cansancio,peligro,peón,cabaña,limitar,impulso,canoso,inclinación tarea,cara alguien,programación c,temporada,exento temor,lobo,equilibrio,diferenciacion,cuidadoso,abdominal,estudio,['movimiento social'],asesinato,prenda,bar,arquitectura,lider,planta,hogar,comida,blanco,relacionado natural,fumigación,poder ser cosido,barco,['kiwi'],generar placer,verguenza,pequeño gesto,perro,necesario,amable,['abstracto'],['contexto'],impresionado,auto,colorida,categorización,falta responsabilidad,componente,significar asignado sociedad,carnívoro,dinero,rapir,hacer,detonador,pequeño,calor,sangre,tormenta,causa efecto,newton,convenser,económico familia,preguntar,melancolía,indicar,levantar,campo verde extenso,perspicacia,líquido,animo,guía,evolucionar,perjudicar,directriz,abajo pómulo,ligado sanar caso terminal,poderoso,parte educación crianza,guardia,termino arte,contacto alma,calígine,claro,confianza,grande puerta,favor,zona frío,['tristeza'],campo,información,usar fuerza orden público,mundo entero,ropa,razonamiento,mesa,físico,solicitar,cercania,hogar,['cuidar mientras dueño'],deformacion,barullir,imitacion,dinero,limpieza,germinar,auxilio,estabilidad,persona hablar relajado,exhausto,encogimiento,equivocacion,forma altruista,cansador,afirmativo,['colmillo blanco'],fijacion,forastero,salud,coneccion
agregado,agotamiento,abeja,alfil,seguro,cercano,exhalacion,lent,valor,cuadrado,cañerio,cubrir humano,asumir riesgo,dolor,representar justicia,patriotismo,peluquero,panza,celular,['presente teatro'],dolor,ropa,alcohol,culto,guia,cafe,seguridad,sopar,pico,espantar espíritus,sembrar,método unir tela,vacación,['color'],disfruta,insolencia,pasar mucho vez alto,gato,sensación,sonriente,['complejo descripcion'],['habitat'],exaltado,moto,inmortalización momento persona,encajar,metro,cara,defor yo,tierno,riqueza fortuita,agitacion,conjunto estrella,fulminante,minusculo,sentar él,pastilla,tempestad,sopechaber,fisicar,pensamiento,entrada,investigar,tristeza,playa,alzar,campo verde extenso,viejo,demostración pena,dar pena,mujer,fruta,beneficio propio,obligación,formar moflet,ilusión cumplido,proyectil,educacion,mandar,mentira,delicado,noche,concepto,lazo familiar,arquitectura gigante,parte sistema,barro,['término'],casa,loro,arma fuego,masa gigante espacio,mucho gente,plan,escritorio,fisicar,chile,agua,volvio,['guardado'],rulo,provocar confusion,temblor,sueldo,libre bacteria,fermentable,mar,duro,persona hablar descaradamente,limeño,personalidad,pierna,juegos hambre,cosa hacer,bueno,['marcar cuello'],preocupacion,peregrino,líquido,link
concepto matemático,fuerza,venenoso,mesa,cuidar,meta,expiracion,arrugado,don,figurar,baño,abriga,osadir,luna,metal,unidad,local,caricia,a él él,['presente cine'],llanto,polera,risa,ceremonia,audaz,antena,antiguedad,chileno,gran tamaño,ficcion,dar vida,fácil romper él,maritimo,['duro'],comida deleitar,atrevimiento,pequeño cambio,animal,momentáneo,feliz,['existencia depender cosa'],['ambiente'],sensación miedo,resistencia,recuerdo nación,nivelación,dinero,nariz,opuesto belleza,maullido,riqueza acumulado,revolucion,oscuridad,percutor,diminutir,vacación,mujer,viento,pensar,fuerza,fluir,iniciación,detectivar,queja,carretera,empujar,lugar parejo,sano,parte llanto,melancoliar,casamiento,blar,maldad,dar orden alguien,parte maquillar mujer,religiosidad,bala,colegio,elegido religión,engaño,gracia,lluvia,simple,importancia,monumento historico,parte engranaje,suciedad,['grandeza'],vacación,muerte,proyectar bala,orbitar rededor estrella,repleto,prejuicio,estudio,newton,empresa,espejo,volver pertenecer,['oculto resto'],alambre,provocado suceso,sismo,pagar,blanco,vida,salvavidas,cuadrado,realizacion actividad,postre,expresivo,moretón,ofrendir,papeleo,verificar,['convertir murciélago'],cuidado,nomadar,sabor agrio,relacion
contrario restar,resistencia,hinchazón,blanco,equipo,lograble,animar,independiente,prueba,argumento,plomerio,tela,atrevimiento,coyot,masa,patria,belleza,pelo,sangre,['presente música'],mal olor,informal,buen humor,religion,inteligente,pequeño,cazar,caliente,dos ala,ritual,alimento,diferente tipo,descanso,['sandiar'],describir sentimiento,frescura,infimo,dulce,felicidad,energico,['intangible'],['circulo'],generar evento negativo,caracol,rigidez,importancia,injusticia,cambio,armónico,pelo,suerte,exitacion,constelación,pieza arma,acne,fuego,celular,presión temperatura entremezclada,detectivar,rocir,atascado,portal,lupa,llanto,auto,mover,limpio verdoso,ver,secreción,dolor,bebé,apto comer,enemigo,hacer hacer diz,ir barba hombre,esperanza,arma,conducta,acumulador riqueza,escenografía obra,forma vida persona,frio,pantalla,responsabilidad,viviar reyes,maquinaria,natural,['termino ciclo'],fundo,sangre,utilizar hacer daño,masa tierra gigante,lugar habitado grupo,plano,aprendizaje,fuerza,traición,vidrio,devolver pertenecer,['dueño'],tubeer,describir situacion,movimiento telurico,remuneracion,puro,esperanza,rescatador,avión,describir hablar persona,rico,verguenza,niña,regalo agradecimiento,formalidad,corregir,['ser antiguo'],impresion ,tierra madre,olor fuerte,pagina web
apor tú,dificultad,llanto,negro,soledad,llegada,respiracion,persona vivido,test,parte,decoración,conjunto ropa,opuestar timidez,tristeza,compar pesos,nacionalidad,cuidado personal,ombligo,doctor,['presente ópera'],partido ser querido,utilizar dormir,cerveza,grupo,analitico,moluscir,animal,invierno,pata larga,excepcional,comercia,line visible unión,entretencion,['melon'],expresar provocar estimulo,falta respetar,marcar diferenciar,azucar,alegría,magia,['abstracto'],['rutín'],poder producir ansiedad,girar,arte,importancia,cobarde,irregular,desproporción,gordo,tener suerte favor,delirio,polvo estelar,disparador,espinilla,servir calentar él,sangre,lluvia,señal,parabolir,taco vehicu él,poder referir él dinero,bigote,dolor,viaje,club fútbol nombre,limpio verdoso,plenitud,porción pequeño,poder sentir lastimo persona,grande,ganar edad,demonio,deber cumplir,debajo ojo,fe,daño,elegancia,figurar público,ilusión,manera ver vida,calma,pixel,carga,lugar evento lujo,dispositivo acción,humedad,['grandeza'],pasto,investigar,utilizar autodefenza,lugar espacio,espacio fisico,infiltrar él,alumno,gravedad,injusticia,similitud,deber,['acceso anticipado'],lata,perturbacion,respuesta,mensualidad,claro,alimento,heroe,mano,describir actua persona,dulce,introvertido,pinta,reconocimiento importante,regularización papel,revisar,['sediento sangre'],fisico,turista,rojizo,ligado
añadir,paciencia,organo,juego,alejado ciudad,proximo,bocar,persona sabiduer,tarea,esquina,mejorar,vestimento,manera ser,pedir ayuda,poder medir gramo,simbolismo,pelo,esteriotipo,genético,['francés'],ira,holgar,jarra,reunión persona,dirigir,tortugar,cueva,caldo,varios raza,magia,dar ingreso monetario,confección prenda,turismo,['fruta'],sabroso,comportamiento,escencial,helado,tristeza,gustar,['cosa'],['planeta'],generar liberación adrenalinar,dar vuelta,hombre,impresion ,tirano,dominio,desaliño,traicion,casualidad,locura,big bang,accionador,pus,servir cocinar,ley,peligro,pista,caer,flujo,poder referir él entrar algun lugar,gorro,pena,manejar,conjugación levantar,campo fértil,pañal,padecimiento,siempre bueno sentir lastimo persona,papá,obtener experiencia,estafador,obligar,suave niño,post resiliencia,querrar,clase,político,fachada,posible objetivo alguien,lobo,definicion,papel realizar,bello extenso,servir inicio,cocodrilo,['bien recordado'],vivir,crimen,peligro,lejano,vivir humanidad,verdadero,colegio,cuerdar,tapar,igualación,volver inicial,['ser dueño tener él'],rizo,agitacion,movimiento menor seguir sismo,retribucion,reluciente,huerta,decir pedir ayuda,figurar,relajado,apetecible,temeroso,escondido,hacer banda cantante importante,sacar carnet,referir correcto,['condes'],espejo,alguien ir lugar,amarillento,afinidad
ampliación,tolerancia,molestia,estrategia,trabajo campo,poder tomar,diente,mucho historia contar,profesor,lado,edificar,traje,fácil practicar,sufrimiento,grande,cultura,barba,piel,delfín,['distinto'],frio,intimidad,antiguedad,veloriir,motivar resto,viscoso,oscuro,guiso,parte familia ave,hechacer,usar regadio,cualquiera color,largo viaje,['pelar'],disfrutable,falta prudencia,hecho delicadeza,ternura,añoranza,atraccion,['sobrenatural'],['naturaleza'],poder hacer persona gritar,forma circular,grande,apariencia,pasar alto,miedo,deformidad,maldad,atraer suerte,fiesta,sistema interior,diminutivo gato,infeccion,usar quemar persona antiguedad,testosteronar,tornado,evidencia,lado,dinero,,perro,sentimiento fuerte,tránsito,poder implicar tomar cosa alzar él,contener vida,niño,parte sufrimiento,poder definir acción,dinero,periodo posterior adolescencia,delincuente,imponer acto,cara,alegría,lucha,mesa,dominador territorio,falso,relacionado misterioso,luna,fotografiar,cercanir,bello extenso,trasmitir fuerza,especie lago barro,['importancia'],porción terreno,cuerpo,defensa personal,redondo,primero civilización,fundamento,mostrador,oficina,cliente,ver mirar espejo,volver,['protegido'],mujer,revolucion,replicar,honorario,mancha,planta,poder representar sigla sos,metal,libertad,sabroso,miedo pensar dema,recrear,simbolir respetar,llevar tiempo,palabra utilizar lógica,['monstruoso'],relacionado alguien creer perfecto,poder llegar conocer país lugar distinto,condimento,compromiso
expansión,motivación,mantener él alejado,torrir,musculoso,posible,lengua,vivido momento histórico,capacidad,punto,acuerdo,prenda,valentia,pena,pesar oro,representatividad,gillette,comida,mar,['artista'],ensangrentado,pijamar,taberno,lugar tenso,experimentado,bar,agua,cacerola,beb,formula,agricultor,comúnmente blanco,lujo,['deshecho'],comestible,verguenza,minucioso,dulce,recelo,satisfaccion,['paranormal'],['compañia'],generar reacción huida,line curir alejar él punto,altura,posicionamiento,aceptar,cara,desarreglado,bigote,favorecer,juventud,estrella planeta,iniciador,comeson,asociar brujeer,estrogeno,tormenta,inicio,inmovil,ganancia,,caso,eexpresión,anuncio,punto salir sol,lugar tranquilo,habil,desprendimiento gota salta,algun evento desafortunado,blanco,poder implicar persona mayor,antisocial,acto inmediato,cachete,alivio,fuerza especial,cubierto,todo persona,poder usar él persona crear real,dios,vampirir,megar,acompañamiento,lujoso,control pesos,distinto especie animal insecto,['pasado'],relacionado agrícultura,pena,país facil tener acceso,enorme,lugar rústico,base,conocimiento,jefe,guante,auto espejo ver auto,retornar,['nadie poder tener'],pelo,alborotir,copia cosa,recompenso,suave,huerto,ayuda prestar alguien,naturaleza,habilidad,consistir exhalar aire,lindo,básico,oferta,tedioso,referir seguridad correcto,['peligroso'],relacionado alguien creer habiidad superior,poder llegar lugar lejano,persona irritable,unión dos persona
aumento,resistir,abejo,enrroque,calor,radar,cepillo diente,buen perspectiva aconsejar,ser bueno,extremo,describir posicionamiento distinto elemento,indumentario,fuerte,lobo,poder usar cocina,futbol,tijera,lleno,profesional,['pintura'],muerte,descanso,cafeterio,distante,firme actuar,lento,humedo,olla,animal,tecnico,trabajo campo,coser,exclusivo,['reciclaje'],placer,valiente,pequeño,pastel,preocupación,desear,['inmaterial'],['conocido'],capaz paralizar alguien,dar vuelta rededor eje,grecia,jerarquizacion,tomar contar,moneda dos,monstruosidad,mamifero,beneficio azaroso,noche,estrella planeta,disparo,mano,poder usar rito funerario,feromona,miedo,clave,capacidad cuerpo,persuacion,,crimen,pérdida alguien preciado,cartel,nombre alternativo,parejo,capaz,llorar,sentir él mal alguien,dios,poder implicar persona vivido mucho cosa,droga,realizar,pomulo,gratitud,usado militar,mantel,gobernar,obra teatro,misterio,nublado,tamaño,pelicular,lugar lindo,parte juego,vegetacion,['museo'],lugar poder construir,obstáculo,mortal,poder contener vida,poco tecnología,razón,memoria,tarea,comentario,accion ocurrir evento imprevisto,volver pasar lugar,['compartir'],amortiguación,tempestad,obra arte igual,jornal,higienir,flor,necesitar malo situación,poder crear cuerpo,gentileza,indicar alguien cansado,atractivo,habíl,entrega,querer evitar,poder referir él ley,['espectro'],relacionado alguien creer excesivamente atractivo,aventura,persona soler enfadar él,poder referir él matrimonio
pegar,resilencia,puntiagudir,juego mesa,lana,distancia poder llegar,chicl,opinión conservadora,desarrollo capacidad,line,existir floral,unifor yo,confianza,noche,pesar,himno,local,grasa,gustar biología,['alternativo'],oscuro,dormir,comedor,union persona,inspirar respetar,campo,murcielago,vasija,volar,invocacion,ir recoger verdura fruta lista consumir él utilizar él,ropa,buque,['aroma'],agradable,desatinado,minusculo,novia,nostalgia,atractivo,['forma'],['hogar'],hacer recorder circunstancia sentir,caparazón animal,marmol,acomodado,norma,lugar diferenciado limit,horrible,gato,trebol 4 hoja,exaltación,grande,pistola,rostro,hacer aire libre,endorfina,tragedia,pista,mantener movimiento,cambio parecer,,misterio,sufrimiento,papel,relacionado españa,ventoso,claro,tristesa,tristeza,lazo,importante relación funcionar,fiesta,imponer regla,piel,religion,bomba,carreño,creer ejercer ley favor,creación,universo,humo,espacio,mafia,costoso,parte auto,peligro,['tumba'],lugar poder poner huerto,dificultad,proteccion,medio vacio,forma primitivo vivir,suposición,lugar trabajo,verdadero falso,andar bien,accion invountario,retroceder,['guardar'],cable,protesta,vez exponer museo,gratificacion,bueno salud,fruta,moralmente correcto responder llamado,materia poder ser solida,facilidad,indicar alguien molesto,rubor,capacidad persona,voluntario,tramit bancario,poder referir él sentimiento,['criaturar antiguo'],alguien interesar solo cosa importancia,cultura,persona aguafiesta,poder referir él relación familia
agregar,perder entusiasmo,dolor,necesitar inteligencia,herramienta,acceder,pasta diente,importar mantener tradición,promedio,recta,hacer distinto elemento vean mas atractivo visto,gala,leon,luna,medidor,escudo,barba,embarazo,saber biología,['creativo'],muerte,pijamar,borrachera,religion,seleccion futbol,niñez,socrat,almuerzo,ave,sobrenatural,ir recoger verdura fruta lista consumir él utilizar él,costurero,oceano,['cuchillo'],gozo,chistoso,parcimonia,crema,mucho distinto,hechacer,['conceptualmente entendible'],['rodear'],ser testigo injusticia,parecer hélizar,museo,ranking,contrario establecido,limit,imperfección,independiente,suerte,ánimo,via lactear,arma,pubertad,utilizar ritual,lh,destruccion,inicio,físico,manipulacion,,ansiedad,arrepentimiento,escritura,poder implicar mover abajo hacia arriba,plano,capacidad ver claramente,sentimiento,pena,cariño,necesario poder tener éxito,malo intencion,orden,sonrisa,inexplicable,guerra,manual,poder,espacio,magia,dificultad ver,claridad,persona,casa lleno lujo,parte físico,húmedal,['reliquia'],familia cultivar alimento,piedra camino,asalto,sistema solar,contruido ser humano,argumentación,asiento,juego,facultad cliente,estimulo,regresar punto,['aparta'],soportar impacto,bastar conformismo,permitir masificar exclusivo,sueldo,salubre,verdura,persona pedir poder desesperado,capacidad cuerpo,gentileza,poder hacer inconscientemente,ansiedad,imposibilidad ser eficiente,ofrendir,vez requerir tiempo,poder referir él documento,['nocturno'],referente inútil,persona creer existir viajero tiempo,componer químico,referente unión dos cosa
complemento,evitar decaer,herido,desteza,bosque,mencionar,bocar,cansado físicamente,hacer bien,dos lado,referir reparar alguno objeto,banquete,atrevir,perro,usado pesar fruta,representar grupo gente,pelo,guatita lleno corazon contento,estudiar biología,['rebelde'],ataud,noche,noche,lugar oracion,liderazgo,caracola,profundo,frio,pajaro,rezo,ir recoger verdura fruta lista consumir él utilizar él,tienda,caribir,['cobertura'],tierno,depender contexto,perfecionismo,cherry,poder definir acción,agradable,['grupo'],['ambiente'],generar ser testigo violencia,así mover cosa viento,historia,economio,pagar,mostrar distinción,demacrado,libre,loterio,pasión,hoyo negro,guerra,adolescencia,utilizar celebración fiesta,componente ser vivo,catastrofir natural,investigacion,fórmula,estafador,,sospechar,agradable persona experimentar,metal,poder implicar enderezar,cerro,objetividad,agua,compasión,conexión,relacionado responsabilidad,crueldad,autoridad,margaritasal sonreír,creencia,destruccion,libro,rey,diseño,secreto,peligro andar,pureza,masculino,casa grande,palo,ecosistema,['monumento'],división legal tierra,peligro,arma,mezcla polvo gas,rural,predicción,silla,colgante,llegar empresa,,pasado,['proteger'],ayuda implementación,bullar,existir persona especializado hacer,dinero,casto,comenzar,deber prestar policia situación peligroso,estable,gracia,nombre postre hecho merengue,introvertido,bueno hacer,dar,tarea,relacionado autenticidad,['sangre'],relacionado arrogancia,aventurero,aliño,poder referir él simbólico
sumar,calle 13,metodo defensa,planificación,cortar,llegar,calor,mismo fuerza juventud,ser malo,parte cuerpo geométrico,,alto nivel socioeconomico,lanzar,hallowear,juzgar,historia,mostacho,gordura,persona pensante,['liberal'],tristeza,sueño,entretencion,rezar,tropa militar,planta,oscuro,choclo,nido,exorcismo,hacer distinto momento año,hi él,anciano,['piel'],encanto,depender descarado,parte,amor,alegrio,gusto,['representación'],['objeto persona acompañar'],asombro,existir fibonacci,alto,social,cumplir responsabilidad,etapa,disonante,bigost,cofre moneda,ímpetu desproporcionado,conjunto,bala,hormona,bruja,capaz generar cambio interno,destructivo,crimen,movimiento,manipular,,querer saber,,panel,poder implicar acción despegar,terreno,realidad,ojo,empatir,vida,relacionado capacidad razonar,contine maldad,decreto,grasa,requerir fe,ataque algun pai,candelabro,religion,simulación,tarot,montaña,transparencia,adulto,castillo,torcar,natural,['infraestructura'],relacionado planeamiento urbano,costoso,amenazar,elips,gente,idea,mesa,collar,queja,,volver,['ocultar'],parte esencial producto,perturbar,poder ser ilegal,billete,limpio,recurso,poder prestar tropa situacion peligroso,compacto,agilidad,poder ir acompañado sonido discomfort,miedoso,mejor cosa,impuesto,actividad,poder referir él argumento juicio,['colmillo'],relacionado soberbiar,nomado,malo,poder referir él relación empresa
sumar,chile,pinza sacar él piel,anticipar movimiento contrincante,frio,decir importancia,olor,gustar seguir rutín diario,saber,figurar,,estatus,decidido,terror,servir pesar distinto objeto,varios color,arreglo,guato,marino,['carrete'],crimen,dormir,camaradeer,paz,poder,lluvia,vivir cavernicolir,huaso,beber,esoterismo,temporada depender cada fruta verdura,tela,viaje,['cascar'],deleitar,relativo,porcion,dulce,tristeza,beber,['asociación'],['objeto persona acompañar'],susto,mucho escalera forma,hecho piedra,respetable,cumplir general,comento,subjetivo,cola,dinero,agitación,parte universo,muerte,piedra valor,comida,utilizado químicamente,peligroso,culpable,velocidad,dirigir,,conocer,,marco,poder usar él referir él ánimo,espacio pasto,atento,amor,comprensión,familia,poder referir él fruta vegetal,solo mala intención,transable,rubor,escepticismo,defensa,respetar,edad medio,mentira,ocultismo,amanecer,limpio,jefe,rey,interruptor,peligroso,['grande'],poder ser propiedad privado,requerir esfuerzo,peligroso,estrella,casa antiguo,razonamiento,madera,pendiente cadena,solicitud,,atra,['esconder'],expandir contraer,cambio,común industria moda,dolar,contaminado,materia primar,tender pedir persona confeír,duro,facilidad,poder indicar persona ansiosa,social,tosco,monetario,responsabilidad,poder depender presencia ausencia firma,['miedo ajo'],relacionado complejo superioridad,curioso,ensalado,mayoría poder romper
agregar,resistir,clave abeja,estrategia,hacha,relevancia,amor,débil,constancia,linea,,traje,intrepido,oscuridad,persona poder pesar,flamea,locion,gordura,profesor,['noche'],homicidio,comodidad,amigo,arrodillar él,lucha,francia,frio,campo,ave,ruego,temporada depender cada fruta verdura,bastar,verano,['huevir'],bueno,hombre,ser especifico,miel,rabio,bondad,['concepto encerrar objeto'],['interactuamo'],feo,tornado tomar forma parecido,representación,admiracion,colusion,experiencia,cada vez menos juzgado,cuatro pata,azar,entusiasmo,cuerpo celeste,sangre,utilizar cocina,fuego,utilizado biológicamente,ocurrir país clima tropical,misterio,circular,persona,,desear,,pizarrir,levitación,plano,alerta,llanto,poner él lugar,capacidad,poder referir él fruta vegetal,buscar hacer daño,uso autoridad,pellicer,acto extraordinario,violencia,educar,palacio,actuación,indefinido,película terror,resplandeciente,bautizo,ostentoso,madera,oscuro,['roma'],poder ser propiedad público,experto,dar seguridad,satelit,calle tierra,lógica,colegio,indicar,incumplimeitno,,vuelta,['cuidar'],rebotar,torbellino,imitación,riqueza,pulcrir,vida,solicitar ayuda,entero,destreza,poder referir él periodo tiempo corto,hacer mucho cosa,bruto,legal,rápido,poder referir él periodo alimento seguro consumir,['fictisio'],relacionado alguien creer intelectualmente superior,conocedor,liquido,poder interpretar él intangible unir dos cosa
equipo,fuerza,abejo,pensar,madera,meta,respiración,añós,seriedad,esquina,,vestir él,valor,bosque,existir distinto tamaño,rectangular,corte,obesidad,medicina,['vida ciudad'],calabera,solturar,alcohol,iglesia pequeño,resiliencia,arrastrar mover él,incomodo,chile,migracion,terror,producto,arreglo,playa,['recubierto'],postre,cara,parte,cariño,temor,maravilla,['poseer mismo atributo'],['influencia persona'],tetrico,geometrio,dar imagen alguno persona importante,riqueza,evitar,aspecto,nadie querer ser,gato,casino,excitación,familia,vaquero,utilizar hacer mesa,roca,utilizado tecnológicamente,distinto nivel intensidad,deduccion,unifor yo,lider,,desconocido,,señaletico,peso,campo,despierto,felicidad,sentir vivir alguien,familia,viejo,villano,obligacion,margarito,acto común,mucho persona poder morir,habito,avaricia,estructura,morado,fogoso,luminoso,mafia,monarquia,cambio,sucio,['antigüedad'],lugar vivir persona,habilidad,protección,tierra,huaso,pensamiento abstracto,estudiante,direccion,consulta,,retorno,['almacenamiento'],salto,agitacion,falsificación,trabajo,aseado,natural,peligro,resistente,habilidad,poder referir él último exhalación persona,poco amigo cercano,caido,gubernamental,diligencia,veridico,['tenebroso'],pecado capital,busqueda,agrio,existir afectivo materno esencial desarrollo
grupo,valentir,punta,movimiento limitado,trabajo,capacidad obtener,calor,coco,habilidad,geometrio,,ropa,salvador,lobo,tamaño depender objeto desear pesar,representación ciudad,pelo,chavo ocho,salud,['arte'],hallowear,antiguo,bar menos sofisticado,cruz,barco,desplazar lentamente,piedra,choclo,pico largo,pelicula,mercaderir,coser,disney,['cubierto protector fruto seco'],gusto,palma,permitir complementar,tierno,,hermoso,"['poder ser persona', 'actividad', 'etc']",['definir actuar'],frio,caracol,obra,exito,metro,variacion,fisico dentro,peludo,destino,exacerbación,agrupación,gato,usar ornamento costoso,madera,sexuliadad,otorgar nombre persona,camino,desviacion,negociar,,experiencia,,informacion,press banco,gran extención,claridad,sal,cariño,cargo,fruta,perverso,asignar deber,cara,acto improbable,armamento,brazo encima mesa,ostentoso,contrucción,estrella,nube,deslumbrante,italia,torre,switch,agua,['imperio'],piscina,competente,violencia,galaxia,animal,teoer,alumno,angulo,responsabilidad,,reverso,['guardar cosa'],elastico,revoloteo,copia,banco,salud,planta,riesgo,fuerte,gracia,poder indicar desear,hablar desconocido,equilibrio,,gestión,verificacion,['palido'],belleza,alguien paso,agrio,poder referir link página web
sumar,corazón,dolor,acción irreversible,madera,proyecto,aguantar,viejo,superior,piramidir,,combinar ropa,valentia,perro,peso,país,orden,dolor,anatomia,['queir'],csi miami,femenino,bar,jesus,capitar americar,metabolismo lento,desolado,papa,beber,demonio,materia primar,chaqueta,blanco,['cubierto protector vegetal fruta'],dulce,golpe,extra,cachorro,,belleza,['ocupar base dato'],['factor externo'],ojo grande,bobín,figurar,nivel,impuesto,dinamico,fisico dentro,colmillo,dinero,tipo delirio,energía,maullido,rocar ígneo,carbón,masculino,relacionado agua,pista,potencia,incidir,,visto,,desvio,sentadillar,vivir animal,despejar,canal lacrimonasal,piedad,cuidar,paltar,cuerno,reinado,piel,imposible,herramienta,porfavor-gracia,castillo,disuación,divino,agua,radiante,arma,princesa,puerta,vegetación,['edad medio'],hectarea,detectivar,munición,gigante,campo,concepto,colegio,extremo,compromiso,,regresar,['pedir anticipación'],oscilacion,alborotir,piraterio,impuesto,sano,ciclo,vulnerable,firme,descaro,decepcion,tristeza,coordinacion,,ejecución,importante,['espada'],preocupación,transporta,mal gusto,conexion
agregar,respiración,alergiar,juego mesa,construir,objetivo,olor,comida,suerte,puntiagudir,,moda,vivir coloquial,luna,equilibrio,símbolo,implemento,hombre,verde,['convencional'],policia,wendy,cerveza,pastor,escudo,caparazón servir ocultar él,agujerir,campo,pico largo,iglesia,fruto,textil,mar,['generalmente consumir'],comida saludable,enojo,circunstancia,rico,,placer,['empresa'],['aquel preestablecir'],lugar oscuro,inductor,poder representar animal,carrera,huir,mandalar,malo cualidad,velocidad,suerte,locura,vía láctear,pistola,color gris claro,calor,femenino,desastrar natural,sospechar,grado,obstinado,,escondido,,peligro,musculo,vegetación bastante basico,informacion perfecto,tristeza,,responsabilidad,sabiduer,enojo,presidencial,carne,divino,munición,demostrar forma ser,corona,unión,anormal,poco vision,esplendoroso,apuesta,edad medio,trampa,mojado,['construccion'],pasto,destreza,recurso,espacio,rustico,físico,comida,vaivir,romper norma,,trayecto,['ahorro'],resistencia,desordir,falso,trabajo,higienir,raíz,bombero,estable,pericia,estr,gran mayoría persona,motricidad fino,,realizar,legal,['sangre'],inseguridad,diambulante,ensalado,url
matemática,llorar,bicho,considerado deporte,casa,poder llegar,respirar,pelo blanco,mejora,opción,,arreglar él,rapidez,temblor,justicia,sujeto asta,estilo,hacer dieta,animal,['estilo vida'],final,señora,vikinguir,diacono,hombre ejemplar,alimentación vegetarián,hoyo,frio,mensajerar,exorcismos,resultado,hilo,piscina,"['poder ser duro', 'nuez']",dulce,rojo,descripción,mujer tierna,,dicho,['asociacion'],['lugar'],cementerio,galaxia,escultura,elevar,fugar él,aspecto,berruga,agilidad,platar,locura,estrella,triangulo,pesado,aireador,proteín,viento,creer,derrapar,contrario flujo,,enredar,,amarillo,palanco,tierra plano,cafeinar,agua,,figurar,firmeza,buscar beneficio propio,orden,abuela apreto,inexplicable,recurso,signo educación,autoridad maximo,,dios,humedad,lustroso,familia,castillo,metal,,['monumento'],quincho,eloucente,fuego,cuerpo celestar,grupo persona,,profesor,movimiento,enojo,,recorrido vuelta,['guardar'],espieral,confusion,vez,dinero,prevención,inicio,ambulancia,piedra,desenvolturar,alivio,poder ser sinónimo miedo,motricidad grueso,,formal,aceptado,['dracular'],superioridad,turista,mal venir,relación
sumar,resistencia,miedo,pieza negra,maestro,cercania,resto comida,sabidurio,matemático,alternativa,,ropa,inteligencia,pelea,compar,dar señal,elegancia,comida,vida,['desordir'],muerto,dormir,madera,iglesia,líder,vivir agua tierra,oscuridad,vaca,ave,poseeido,ganancia,tijera,tobogán,"['poder ser blando', 'plátano']",chocolate,susto,informacion alguno cosa ser vivir,dulce,,producir algar carismático,['ente'],['condicionar actuar persona'],sentimiento,garabato,representacion alguien,concepción social ficticia,escapar él,punto visto,bruja,cola,resultado bueno,extasis,planeta,duro,provenir corteza terrestre,chispa,segregar,tormenta,pensar,peligro,fluir,,misterio,,palabra,fuerza,utilizar criar animal,cortisol,dolor,,ahijado,responsabilidad,intencion personal,tiempo ejercer labor jefe,bocar,increíble,arma,status,hombre,,loco,oscuridad,claridad,tio,grande,largo,,['pilar'],casa,audaz,contener bala,esfera,población,,historia,opuesto,consecuencia,,retorno,['tener preparado'],metalico,turbacion,reproducir,jefe,cuidado,esperanza,grito,fueerza,disposicion,relajo,dar mujer hombre,mano hacha,,misión,reconocimiento,['ataud'],preocupado diran,mochilero,mal,poder ser afecutoso
aumentar,calor,terror,pieza blanca,trabajo,lejania,humo,osteoporosis,lengua,estrella,,moda,valentia,nostalgia,importancia,telar,habilidad,barril,celular,['moda'],enterrar,pijamar,vaquero,refugio,encargado barco,vivir agua tierra,humedad,familia,pluma,embrujo,cultivo,punto,ventana,['pela consumir contenido'],trufa,engaño,informar,azucar,,hechacer forma magia ficticia,['ontologíar'],['espacio fisico psicologico'],miedo,circular,inspirar persona,relacionado discriminación,rapidez,cara,nariz,ver noche,millonario,droga,gravedad,frio,excavar obtener él,cenizar,sistema endocrino,lluvia,secreto,gravedad,consecuencia,,encanto,,detener él,viento,terreno bueno ganaderio,sueño,emocion,,cuidado,cana,asociado color rojo,contrato,cara,cambio,guerra,elegancia,rey,,magico,resbaloso,facil ver,magico,antiguo,rigido,,['mausoleo'],arbol,experiencia,,anillo,pueblo,,unifor yo,reloj,ausencia,,vuelta lugar inicio,['guardar'],juguete,jaleo,copia,insomnio,limpieza,,oscuridad,construccion,libertad,exhalación,dar temprano edad,daño,,,conforme razon,['belmont'],irrelevante,,acir,humano
sumar,frio,abejo,morir rey acabar juego,casco,meta,frio,dolor lumbar,persona,matemática,,combinación,destreza,lobo,themis,identificar grupo persona,dar él gusto,estomago,sistema,['estilo'],persona fallecido,velar,pistola,lugar orar,jefe fuerza armada,secreto líquido semi-viscoso,murcielago,comida,pata larga,terror,agricultura,peluche,capitán,['amargo mal sabor'],hambre,doble cara,dar caracteristica,persona amoroso,,sient gustar,['ser'],['espacio fisico psicologico'],salto,orden,arte,relacionado dinero,ver,luna,gris,maullido,buen mal destino,adrenalinar,,auto,chico,similar fogata,testosteronar,destrucción,superstición,movimiento,impedimento,,atraccion,,transito,grúa,espacio amplio,foco,sentimiento,,guia,interior,maldad,autoridad,rojo,resultado,militar,forma ser,persona liderar reino,,divino,confuso,foto,confianza,lujoso,facilitar trabajo,,['historia'],animal,investigador,,vivir,existir habitante,,corbata,tiempo,problema,,llegar,['tener provisión'],plasticidad,bullicio,repetición,diente,personal,,auxilio,estructura,tranquilidad,gemir,dar hacia gente mayor,insensibilidad,,,acertado,['castlevania'],altanero,,color rojizo,computadora
agregar,gritar,avispa,jaque mate,herramienta,ranguir,visible,arruga,videojuego,figura,,lindo,inteligencia,sonoro,símbolo,flameante,trabajo,panza,célula,['tranquilidad'],cuerpo vida,cabaña,espuelar,soler ser edificio antiguo,dar orden,necesitar poco energía vivir,milodon,rico,bonito,varitar,comerciar,maquín coser,gorro,['textura desagradable comer'],chantilly,indecente,ayuda entender situación acontecimiento,bebé,,placentero sentir,['filosofía'],['ambiente'],escalofrio,forma cilindrico alargado,traspaso sentimiento manera ver,relacionado honor,impredecible,transformación,chascon,agresivo,buen mal destino,emocion,,pistola,arena,relacionado fuego,oxitocina,agua,investigación,perpetuidad,trar,,impecable,,direccion,montacarga,espacio,claridad,ojo,,proteccion,autonomía,maldad,conjunto mandado,gorda,bendición,asesino,manera,persona liderar monarquía,,curiosidad,frio,contrario borroso,padre,vivir rey,levantar cosa pesado,,['cupula'],campo,desechable,,gira,casa,,mesa,oscilacion,insatisfacción,,volver lugar,['prevencion servir tiempo'],colchon,conmocion,consecución,lent,sano,,ayuda,diseño,desplante,limeño,debilidad,apto,,,original,['wallachia'],narcisismo,,venir botellar,material
poner,dolor,veneno,estrategia,labor,maximo,exhalar,dulzurar,caracteristica,cubo,,mujer,oportunidad,miedo,ícono,representativo,experiencia,apellido,planta,['hipster'],poder encontrar cementerio,campo,venir,religión,persona,ciclo vida corto humano,hombre,carne,nacimiento,brillo,alimento,aguja,pirata,['evitar recubre pudra rápido'],dulce,inapropiado,especifico,mascota,,hacer liberar dopamín,['cosa'],['naturaleza'],grito,diferente elemento amortiguador forma,inspiracion artista,utilizar lograr querer,impuesto,cambio,torta,salvaje,muchisimo dinero,descontrol,,peligro,harina,generar calor,lipido,peligro,oculto,físico,atasco,,curiosidad,,publicidad,relacionado palabra levantar,relieve,pensar,gota,,hado,estabilidad,querer beneficiar él acto malo,presidente,alegrio,,peligroso,educación,jefe,,reliquia,blanco,distinguido,amistad,patrimonio,video juego,,['dios mitología griega'],naturaleza,capacidad,,tierra,conjunto pequeño,,silla,trapecio,discusión,,reencuentro persona,['cautela decir'],saltar,perturbacion,seguir despu terremoto,luz,bien mentalmente,,asistencia,dureza,relajo,animo,inseguridad,tropezar,,,confiable,['europa'],soberbiar,,utilizar ensalada,símbolico
añadir,resistencia,dolor,juego,trabajador,impacto,bocar,afp,habilidad,lado,,ropa,exito,perro,herramienta,significar,peluquero,parte ser humano,vida,['musico'],poder encontrar morgue,ropa,bar,religion,cabeza equipo,consumido humano,pasado,papas,beber,color,,abuela,vacación,['frágil'],caramelo,disgusto,regalo,dulce,,subjetivo gusto cada,['sustancia'],['espacio amplio'],reflejo,forma 3d,vision persona,difícil romper,illegal,diar noche,subjetivo,gato,muchisir activo,cambio animo,,muerte,espinilla,poder ser peligroso si controlar,carbohidrato,amenazado,señal,colisión,problema,,investigación,,anuncio,tomar,indio,reconocer,tristesa,,desconocido,relacionado salida etapa infantil,malvado,gente mandar,pómulo grande,,proyectil,crianza,monarquía,,mitico,poco visibilidad,lupa,persona apreciar,construcción,auto,,['lugar atenas'],arrendar,habilidad,,hogar,conjunto persona,,estudio,físico,falta,,volver atra,['expresar facilidad'],fuerza,caos,copia,trabajo,cualidad saludable,,apoyo,cimiento,nerviosismo,tristeza,vergüenza,dejar caer,,,aprobación,['castillo'],presumir,,utilizar cocinar,inalambrico
aumentar,vida util,picazón,lógica,casco,distancia,persona,corresponder etapa final vida,prueba,cara,,formal,aprovechamiento,noche,medir,pai,elegancia,cavidad contener estómago intestino,estudio,['nostalgia'],descomponer,mujer,pelea,oracion,responsabilidad,moluscir,bestia,caldo,ave,diablir,,ropa,barco,['duro'],chocolate,estafa,minucioso,suave,,poder usar persuadir alguien,['corporación'],['persona relacionar'],tiritar,circulo,historia,asociado injusticia,metro,vida,apariencia,leon,gran cantidad objeto preciado,euforia,,cuidado,lunar,asociado color rojo,transformación físico,resguardar él,evidencia,momento,influir alguien,,estudio,,señal,sostener,saván,entender,persona triste,,hado,lograr ultir año colegio universidad,pensar mal,persona poder,parte cara,,,convivencia armonir,rey reina,,espiritual,peligro,ver,relacionado bautismo,dirigido nobleza,conducir,,['monumento'],predio gran tamaño afuera capital,experiencia,,orbitar,vivir comunidad,,aprender,reloj,compañia,,retorno,['conjunto persona serviran ayuda caso alguno perdido'],físico,incertidumbre,imitacion,renumeración,limpio,,colaboración,base,capacidad adaptar él,exhaucion,vergüenza,olvidar,,,implicar correcto funcionamiento,['sangre'],llamar atención,,frio,mediante cable
echar él cosa,durabilidad,escorpión,pensar,herramienta,magnitud,vida,asocia cariño ternura,personalidad,linea,,vestido,intrepido,soledad,,ciudad,higienir,abdomar,animal,['exotico'],hueso,prenda,alcohol,adoración algun dios,conocimiento,lento,temor,choclo,viaje,negro,,medicina,relajo,['protector'],comida,increible,perfección,adorable,,relacionado atractivo físico,['sociedad'],['esfera'],aceleración latido,apariencia caracol,monumento,asociado abuso poder,ley,evolución,disgusto,puma,mucho joya,rojo,,bloqueado,material,contaminar,sexualidad,ojo calma,prueba,estudio,hacer caso,,observación,,información,agarrar,animal,analizar,mejilla,,malo,fundamental entender responsabilidad vida,poder actuar así animal persona,orden dar alguien,sonrojar,,,regla social,jefe nación,,religioso,desconocido,lent,película marlon brar,bonitar estructura historia,grua,,['poder ser considerado templo'],relacionado destino vacacional fin agricultural,utilidad,,elipsoidir,regla establecida convivencia,,distracción,peso,enmendar,,devolver dueño,['espacio natural regular mantencion'],movimiento,inesperado,original,bajo,higienización producto lugar,,protección,estructura,buen reaccion cambio,señal cansancio,apartar mirada,extraviar,,,positivo,['colmillo'],siete pecado capital,,aliño,relacion
poner él cosa,estoico,hinchazón,estrategia,construccion,medida,respiracion,persona mucho edad,defecto,borde,,pantalon,vivaz,pasear,,apoyo cierto causa,estilo,llegar comida,ecosistema,['mujer'],muerte,noche,bebida,conjunto persona,representante grupo,hervíboro,cueva,contundente,larga distancia,morado,,hilo,viaje,['fruta'],placer,antipatico,pequeño,tierno,,relacionado personalidad,['ser'],['contexto'],feo,figura geométrico,importancia,relacionado nepotismo,policia,madurar,visual,leopardo,suerte,pajaro,,espontaneo,diminutir,fuego,impulso,,indicacion,mantener,seguidor,,peligro,,señalético,alzar,flora,actuar libre,cara triste,,divorcio,asociado joven,daña demá,representación grupo,generalmente suave,,,distinto depender lugar,poder autoritario,,amistoso,esconder,borroso,relacionado catolicismo,representar alguno epocar acontecimiento,control mandar,,['poder ser funerario'],cada dueño,ventaja,,tierra,poder bien establecido,,colegio,movimiento constante,ignorar,,volver origen,['ser cuidadoso'],amortiguar,conmoción,consecuente,insuficiente,libre bacteria,,desesperación,físico,altura,liberar aire rapidamente,silencio,perder,,,resultado evaluacioón,['solo salir noche'],arrogancia,,anticuado,asociación
adjuntar,deporte,lanzeto,ganar,guant,meta,oxigeno,físicamente evidenciar arrugar,falta,perspectiva,,chaqueta,habil,coro,,nacion,barba,almacenar comida,anatomia,['femenino'],historia,cómodo,trago,cruz,vestimento diferente,pequeño,oscuridad,frio,alegría,hechacer,,enhebrar,internacional,['pela'],sabor,atrevir,importancia,azucarado,,dar ventaja poseer,['personaje'],['rodear'],negativo,hipnotizante,cemento,expresion,fugitivo,envejecer,evitar contacto,panterar,poder desencadenar codicia,aliento,,inmediato,espinilla,quema,mujer hombre,,mostrar,fisicar,marea,,entender,,mensaje,erguir él,planiciar,mente,pena,,nuevo vida,implicado paso dejar ser joven ser adulto,conseguir querer,poder dentro grupo persona,generalmente blar,,,aprendizaje,antiguedad,,alucinante,humedo,chile,familia escoje,marcar despu,estructura servir levantar cosa,,['terreno enterrar persona'],campo,resolver problema,,lugar poder tener oxigeno,existir persona cierto cargo,,universidad,columpio,disgusto,,viaje pasado,['guardar'],ir volver,reacción,respuesta alguien,pago,control sanitario,,peligro,duro,suelto,alivio,sonrojar él,desorientado,,,regular,['convertir murcielago'],altaneer,,ensalada,representar unión dos mas persona u objeto
incluir,tiempo,punta,competencia,pintura,logro,carbono,asocia tranquilidad,experiencia,cuadrado,,fiesta,osado,lobo,,representatividad,colombiano,estómago,cuerpo humano,['arte'],enfermedad,vestido,comida,distinto mentira,persona mandar,baboso,murcielago,olla,bebé sostenido pico ave,magia,,hilo,conocer,['mayoritariamente incomible'],extasis,desubicar,pormenor,pastel,,hechacer,['persona natural agrupación'],['conjunto'],asocia aterro terrorifico,tallarin,recordar,imponencia,criminal,experiencia,miedo,agil,nunca sero suficiente,fuerza,,duelo,piedra utilizar construcción,arder,descontrol,,ayuda llegar,ley newton,luna,,motivo,,medio,tomar,llano,cerebro,dolor,,ceniciento,adulto,perjudicar alguien,llevar batuta,mayoría ser vivo,,,cambiant,cargo heredar,,atraer,ceguera,genial,alguien comprometer cuidarte,hecho algun material duro,permitir mover cambio automovil,,['relacionado antiguo roma'],terreno,especialidad,,lugar poder tener vida,pequeño ciudad,,madera,cuerdar,sugerencia,,visitar nuevamente alguien,['riqueza'],peso,pajaro,sismo,merecido,ejercitar él sano,,indefención,fuerte,brazalete,exceso aire,callado,querer,,,legal,['tez blanco'],sentir él superior resto,,aceite olivo,lazo
incorporar,permanecer,aguja,tablerir,ropa sucio,altura,fluidez,volver mas lento dificil,conocimiento,figurar,,moda,atrevir,animal,,lealtad,venezolano,chile poder decir guato,profesor,['región europa'],hueso,polera,musico,religion,jefe,miedoso,gruto,pollo,pajaro,supernatural,,aguja,mar,['cubierto'],disfrutar,frontal,minucia,reposterir,,cualidad,['persona natural agrupación'],['ambiente'],producir evasión alejamiento,escalera,conmemoración,medida,atrapar,perspectiva,cultura,visión nocturno,cada vez querer,lealtad,,pistola,mesón cocina,caliente,artificial,,rastro,continuidad,,,pensar,,guia,sentir peso,llanado,droga,depresión,,desear,responsabilidad,idear maldad,seguidor,ayuda expresar sentimiento,,,regla social,persona tender ser respetado,,divino,mañana,claro,relacionado sacramento,estabilidad,broma amigo,,['arquitectura clásico'],sitio mucho hectarea,conocedor,,parte solido,cumplir rol dentro sociedad,,rayar,tiempo,libro,,volver,['emergencia'],bicicleta,volar,consecuencia,sueldo,limpio,,ahogar él,hierro,caderar,gran exhalación,dificultad expresar él,romper,,,factible,['ver formal'],excentricismo,,salado,amarrir
,seguir,puntiagudir,figura,alegr,atrapar,gas,poder conocer abuelo,persona destacar,rodear objeto,,diseño,temerario,manado,,pai,hombre,poder ser apellido,vida,['persona vivir arte'],estructura ocear,ropa,star wars,dios,liderar grupo persona,fragil,peligro,carne,blanco,ritual,,maquín coser,marear,['naranjar'],gozar,locura,parte,decir niño,,sensualidad,['alma'],['englobar alrededor'],generar gran cantidad miedo,serpentín,idolo,cualidad,metro,punto visto,pai,cazar,riqueza,descontrol,,accionador,color blanco gris oscuro,quema bruja,inyección,,huella,ley,,,impulso,,reglamento,despegar superficie,horizonte,embriaguez,llorar,,trabajo,prudencia,malo intencion,orden,rojo,,,aprender él niño,subdito poder,,cercano dios,londer,buen visión,alguien patrocín,funcionar fortaleza,barra palo metal permitir mover cosa,,['relacionado emperador'],arbol,habilidad,,objeto astronomico,poder aislado sociedad,,balancear,ir venir,servicio,,reiniciar,['agua'],espiral,escandalo,reemplazo,sueldo,coronavirus,,emergencia,masa,bailar,cansancio,,caer él,,,aprobado,['diente largo'],moda,,venir,conexión
,rendir él,filozo,rey,fuerte,distancia,,asocia experiencia vida,capacidad,geometrio,,indumentario,inteligente,,,ciudad,moda,parte cuerpo,celula,['conjunto artista'],poder ser cualquiera ser vivir,,bar,jesus,preocupar demá equipo,verde,frio,papas,decir niño traer bebé,maldición,,anciana,lujo,['fruta'],amor,filtro,pedazo,fragil,,sentimiento,['fantasma'],['poseer cierto característica lugar'],aparecer pelicula genero terror,line circular,importancia,construcción social,ataque,característica,persona,depredador,suerte,ira,,inicio proceso,material utilizado acabado fino,llamarada,feromona,,pista,ley natural,,,incertidumbre,,instrucción,despertar él,plano,apto,tristeza,,madre,consciente entorno,tener mal obrar,instruccion,colorado,,,rol familia,rey,,fantasia,frio,ojo,vínculo vida,fortuna,multiplicador efecto deseado,,['sombrío'],riacoler,sabiduer,,orbitar alrededor estrella,gente,,escritorio,oscilante,disconformidad,,resetear,['ahorro'],metal,advertir,similar,ingreso,doctor,,riesgo vital,dureza,pareja,respirar,,inutilidad,,,afirmar base,['sangre'],joya,,añejo,voluntario conveniencia
,rendimiento,abejo,reina,constructor,lejos llegar,,llegarer eventualmente ser él,limitante,cubo,,ropa,vivir,,,religion,hipster,abdomar,colegio,"['persona vivir relajado', 'libre']",muerte,,cerveza,sacerdote,solo,comida gourmet francia,,oregano,ave,costo,,mujer,tranquilidad,['compost'],rico,desmesura,especifico,delicado,,gusto,['presencia'],"['existir social', 'económico']",desagradable,loop infinto,alabanza,balancín,micro,cara,horrible,escalar,loterio,caos,,actuador,escultura monumento,fogata,tiroid,,indicación,movimiento,,,curiosidad,,informacion,agarrar,paisaje,concentracion,sentimiento,,hado,fin niñez,malo pensamiento,imperativo,hinchazón,,,,riqueza,,creencia,nube,lent,persona acompañar confirmación,riqueza,apoyo,,['tristesa'],cosecha,conocimiento,,emitir luz propio,casa,,puesto,tarot,negatividad,,vuelta,['especial'],rebote,gala,copia,pago trabajo,hospital,,susto,liquidez,reggaeton,relajo,,estupidez,,,real,['cara palido'],orgullo,,conservar,unión
,,insecto,,madera,agarrar mano,,asocia termino femenino,característico,triangulo,,calzado,perspicaz,,,culto,persona cortar barba,poder tener pelo,cientifico,"['persona vivir relajado', 'libre']",cirugia,,pisco,confesionario,persona respetable,herido sal,,longanizar,gran tamaño,brujo,,indigenar,barco,['cebolla'],sabor,pelotudez,pequeño,agradable,,satisfaccion,['etéreir'],"['existir social', 'económico']",causa rechazo,hipnotizante,historia,sumision,esquivar,,asco,gato,amor,ceguera,,distintivo,escultura monumento,quema bruja,cerebro,,ayuda,detencion,,,incertidumbre,,madera,tomar,vaquero llevar vaca,pureza,ser vivo hacer,,padrino,seriedad,beneficiar él dejandolo mal,castigo,niño sano,,,,reino,,inexistible,gris,binocular,ahijado,rey,accionador,,['deprimente'],caballo,,,tierra,hacienda,,colegio,angulo,,,viaje,['cuidar'],mecanico,familia,plagio,haber,alcohol gel,,miedo,golpe,hablar,exhalar,,incapacidad,,,sustentar,['brazo abierto'],material,,vinagretar,necesidad
,,volador,,casa,estirar brazo,,cariñoso,calidad,piramidir,,impresion ,temerario,,,etnia,peluquero,mucho vez redondo,investigador,['movimiento cultural'],morgue,,pirata,eucaristiar,lider,lento,,pavo,historia infantil,hechacer,,ropa,vacación,['proteccion'],dulce,obsceno,importante,relajante,,alegrio,['ente'],['lugar espacio'],asustar,circulo,arte,amarillo,defender él,,repudio,tigre,abundancia,temporal,,primero paso,arena,pirar,desarrollo,,memoria,,,,misterio,,direccion,accion,desierto norte,tranquilidad,lamento,,nacimiento,edad suficiente,importar mismo nadie mas,acatar,brillante,,,,reina,,increible,lluvia,pantalla,segundo padre,reina,botón,,['muerte'],lugar agrado,,,vida,animal,,barato,,,,camino,['mantener'],compresion,robo,identico cosa,dinero,saludable,,desesperación,choque,cómodo,enamorado,,bruto,,,cualidad valido,['capa negro'],afán,,traverso,union
,,dolor,,serrucho,capacidad,,amoroso,persona,cuadrado,,visto,miedo,,,identidad,cambiar look,encontrar estómago detrás,biologo marino,['estilo vida'],cementerio,,alcohol,bautizo,audaz,turbo,,champiñon,mito,mago,,lana,navegar,['organico'],azucar,duro,nimiedad,azúcar,,comodidad,['ambiguo'],['lugar espacio'],miedo,resorte,conmemorativo,importante ambito social,impuesto,,obeso,lince,afluencia,arrepentimiento,,line salida,trigo,calor,ciencia,,documentación,,,,ansiedad,,lectura,mover objeto,poder ver horizonte,,pena,,bautizo,cambio etapa,maldad,mandamiento,rostro,,,,fortuna,,brujeer,oscuridad,gráfico,cariño,nobleza,interruptor,,['frio'],campo,,,esfera,agricultura,,pequeño,,,,retorno,['proteger'],salto,caos,relacionado objeto,retribución monetario,pulcrir,,sos,rocar,persona,cansancio,,incapaz,,,documento autorizado,['ojo tetrico'],necesidad admiración,,acir,relacion material
,,veneno,,ladrillo,campo visión,,oler galleta,capacidad,geometrio,,expresion,extremo,,,especificidad,trabajador,hincha agranda,materia,['persona vivir vida locar'],cremación,,alemania,confirmacion,temerario,sal,,gas,volar,bruja,,artesanal,viaje familia,['pelar'],berlín,desvergonzado,especifico,cariño,,morado,['definido'],['rodear'],agradable,circunferenciar,representativo,popularidad,corrupcion,,bruja,acechador,casualidad,culpa,,,mineral,reunion persona,biologia,,oportunidad,,,,pensamiento,,imagen,jugar objeto,terreno extenso,,angustiar,,familiar,responsabilidad,crimen,prescripción,parte cara,,,,palacio,,espiritual,poco visibilidad,alto definición,compadre,antiguo,servir prender apagar cosa,,['dolor'],zona cultivo,,,orbitar,artesanio,,incomodo,,,,reverso,['futuro'],,acción,copia,remuneración,ordenado,,sangrado,montaña,directo,desinter,,,,,correcto,['bocar abierto'],narcisismo,,competencia limon,lazo dos parte
,,,,trabajo,cercano,,cocina rico,habilidad,vertizar,,localidad,luchador,,,ondular,ayuda sentir tú seguro,grande,estudio,['aventurero'],ánfora,,bierfest,matrimonio,inteligente,conchaber,,calor,traslado guagua,carta magic,,tejido,caribir,['desechar'],sabroso,atrevir,prestar atención,bienestar,,magia,['general'],['paisaje'],miedo,marea,histórico,posición persona ocupar,pokemon,,rostro,pradera,azar,adrenalinar,,,geoda,fuego,cuerpo humano,,exploración,,,,sugestión,,camino,levantar objeto,superficie plano,,frustación,,apoyo,termino adolescencia,premeditación,decreto,,,,,inglaterra,,religioso,invierno,fidelidad,pelicular mario puzzo,pelicula,casi todo tecnología,,['mito'],fundo pequeño,,,sistema solar,vejez,,funcional,,,,retroceso,['privado'],,chisme,temblor,mesado,salubre,,peligro,,ofender,aburrido,,,,,afirmativo,['murciélago'],arrogancia,,secreto casero,anexo
,,,,martillo,límite,,amable,talento,recta,,cultura,capaz,,,grupo,persona trabajar peluquerir barbería,,experimento,['liberal'],diar muerto,,lugar social,funeral,carismatico,caparazon,,,recién nacido,fantasia,,ropa,hotel flotante,['cortar'],delicioso,mentira,regalo,,,asociado magia,['organización'],['lugar encontrar alguien'],susto,line curir,obra arte,poder ser relacionado sociedad empresa,ladron,,sucio,manado,bien,tiburon,,,dureza,lugar compartir,,,atento,,,,,,carretera,adquirir,superficie lisa,,depresión,,,capacidad tomar decisión,castigo,edicto,,,,,holanda,,celestial,frio,detalle,mafia italiano,belleza,cortacorriente,,['historia'],relajo,,,atmosferar,humildad,,espacio,,,,regresión,['guardado'],,farandular,clonacion,trabajo,jabon,,ayuda,,filtro,alivio,,,,,argumento,['conde drácular'],engreido,,gargantar,conexion
,,,,edificio,ranguir,,sexo femenino,efectividad,línea,,religion,virtuoso,,,movimiento,afeitar,,laboratorio,['artístico'],final,,comunidad,religión,sabio,babós,,,embarazo,magia,,arreglar ropa,luna miel,['superficie protector cosa huevir'],mermelada,atrevimiento,característico,,,poder ser cualidad atractivo persona,['ser'],['referencia'],pulso acelerado,vuelta,escultura,poder ser relacionado sociedad empresa,robar,,desprovisto,colmillo,inmuebl,cadena accion,,,rocar,entrega calor,,,,,,,,,flecha,coger,espacio libre,,ojo,,,adultez,perverso,promulgar,,,,,princesa,,,otoño,vision,relación persona,india,tecnologíco,,['mausoleo'],vacación,,,superficie,union,,educacion,,,,volver casa,['preventivo'],,terrorismo,igual original,invercion,limpieza,,señal auxilio,,concenso,enojo,,,,,autentico,['fantasia'],relacionado vacio,,blanco negro,relacion amigo
,,,,construcción,limitación,,mayor 65 año,inercia,punto visto,,,robin hood,,,nación,cortar pelo,,ciencia,['desordenado'],desechar,,gular,rezar,autoestima,planta,,,niño,niñez,,costurero,barco,['rigido resistente'],exquisitez,falta respetar,atributo rebuscado,,,poder ser cualidad objeto,['cosa'],['conjunto objeto formar'],mantener compostura,punto linea,símbolo,situación alguien,esquivar,,viejo,leon,gran cantidad dinero suerte,rapir,,,geología,cocinar cosa,,,,,,,,,texto,,naturaleza,,agua,,,pensar dos vez,maquiavelico,orden,,,,,nobleza,,,,claridad,protección persona,buckingham,solo electricidad,,['lugar muerto'],parte,,,universo,ciudad,,duro,,,,volver familia,['recurso'],,ataque,igualdad,hora,salubre,,solicitud ayuda,,correa,ahogo,,,,,real,['hallowear'],asociado caracteristico persona,,venir,relacion familia
,,,,herramienta,,,salud mas delicadar,natural,marco,,,astuto,,,izar,arregla ceja,,celular,['locura'],descomposición,,,confesar él,preocupacion,hoja,,,familia,señor anillo,,aguja,bote grande,['solo objeto animal'],gusto extraordinario,desconsideración,perfeccionismo,,,asocia sentir agrado,['base dato'],['ser vivo'],dominar sensación,camino,inmortalizar,poder tener carácter económico,evitar,,roto,,gran cantidad dinero suerte,instinto,,,gris oscuro,calentar campamento,,,,,,,,,,,planiciar,,líquido,,,crecer,cruel,consignar,,,,,rey,,,,brillo,cariño respaldo,gran edificiación,herramienta,,['entierro'],terreno,,,nucleo,condar,,,,,,volver lugar,['suministro guardado'],,marcha,respuesta,turno,salud,,asociado peligro,,libre,relajo despu problema,,,,,dicho prueba,['oscuridad'],caracter negativo alguien,,ensalado,pareja
,,,,suciedad,,,limitacion motoro,innato,componente,,,atrevir,,,representativo,arregla barba bigote,,profesional,,muerto,,,cruz,determinacion,pajaro,,,,maldicion,,hilo,transatlantico,['poder tener color forma'],postre,cinismo,completitud,,,hechacer,['distinto significado'],['alrededor'],susto,enredar,personaje histórico,necesariamente mejor mayor cantidad,penalizacion,,contrario hermoso,,dinero,limitar,,,material,quemar malvavisco,,,,,,,,,,,tierra,,molestia,,,aprender,malo fe,actividad,,,,,autoridad,,,,forma,cariño respaldo,habitar reyes,gran descubrimiento,,['tumba'],campo,,,astronomia,lugar vivir persona,,,,,,alegría,['cupo exclusivo pedir'],,auge,temblor,esfuerzo,importante hospital,,auxilio,,pensar,susto pasado,,,,,demostrar verdad,['beber sangre'],admiracion,,sal,amor
,,,,práctico,,,necesitar 3ros,inconsciente,perímetro,,,osado,,,colectivo,ayuda pelo cabeza,,animal,,difuntir,,,construcción antiguo,union,francés,,,,truco,,remendar,titanic,['pretender contener proteger'],torta,cara poker,observación agudo,,,mundo maravilloso,,['circunstancia'],miedo,,libertador,nivel,transporte,,horrible,,comodidad,imparable,,,edad,tronco,,,,,,,,,,,relieve,,pena,,,experiencia,resentimiento,quehacer,,,,,abuso poder,,,,imagen,titulo cristiano generar vinculo niño,monumento,ciencia,,['sepultura'],cuidado,,,mundo,aglomeración vivienda,,,,,,abrazo,['espacio natural protegido'],,descontrolado,causa efecto,gracia,salubridad,,ayuda,,instintivo,sobrepasado,,,,,efectivo,['colmillo'],orgullo,,liquido provenir venir,matrimonio
,,,,fundamental,,,compañia,dificultad,facción,,,decisión,,,símbolo,,,vegetal,,asesinar,,,lugar sagrado,liderazgo,asocia lentitud,,,,hechacer,,maquín cocer,metal,['proteger interior'],reposterio,inmunidad,sutil,,,fantastico,,['afecto'],tenebroso,,hecho alguno metal,posicion frente,escolar,,persona agraciado,,herencia,animal,,,diminutivo grano,alto temperatura,,,,,,,,,,,vegetación,,llanto,,,enseñanza,venganza,tarea,,,,,monarquía,,,,,mafia,permitir congregación mucho persona,idea,,['cementerio'],trabajo suelo,,,astro,espacio pueblo sedentario,,,,,,lagrima,['cosecha vino'],,ascenso,causa efecto,,limpieza,,sos,,,estresado,,,,,confirmacion,['sol mata'],engreido,,servir cocinar,coincidir
,,,,obrero,,,mantener él activo,valoración positivo,interés,,,audaz,,,mover viento,,,,,suicidio,,,cruz,ranguir,especie conchaber aspecto flácido,,,,magia,,huinchaber medir,paraiso,['poder ser alimento'],alimento sabroso,infidelidad,diferenciar,,,agrado demasiado,,['desarrollo'],escalofriante,,rígido,poder otorgado,bus,,desaliñado,,tranquilidad,,,,asocia pequeño,gran cantidad humo,,,,,,,,,,,apto cultivo,,basura ojo,,,reflexionar,malo intención,misión,,,,,forma antiguo gobierno,,,,,bautizmo,mansión lujoso grande salón,ayuda mover objeto,,['funebre'],terreno verdoso,,,cuerpo celestar,seguridad,,,,,,amor,"['privacidad', 'ser reservado']",,situacion deseado,movimiento,,pureza,,rescate,,,,,,,,comprobar,['eterno juventud'],creencia meritir,,permitir mantener preservar alimento,acuerdo
,,,,estafa,,,atraer cariño,,camino,,,atento,,,hecho telar,,,,,sangre,,,vitral,militar,especie conchaber aspecto flácido,,,,poción pócima,,hilo,tropical,['funcion especificar'],agradable,malo accion,,,,magia,,['marco'],scream,,inspirar demá,sensacion,,,dificil ver,,bien material,,,,similar forma grano menor tamaño,,,,,,,,,,,,pasto,,conmover él,,,desarrolar él,cualidad negativo,encomiendo,,,,,democracia,,,,,tío,gran estructura mucho seguridad,extensión cuerpo,,['tétrico'],grande terreno,,,esfera,compañía persona,,,,,,retornar,['tropa inactivo ejercito'],,,derecho,,buena condición,,accidente,,,,,,,,,['leyenda'],presuncioso,,agrio,cariño
,,,,maestro,,,preocupacion,,lado,,,raro,,,,,,,,tristeza,,,puerta grande,barco,dos antena,,,,maldición,,aguja,blanco,['duro grueso'],dulce,inter,,,,buen persona,,['ambiente'],provocar grito,,inmóvil,nivel social,,,acción cosa socialmente reprochable,,trabajo,,,,arena,,,,,,,,,,,,fértil,,alegría,,,formar vida,picardio,período representación,,,,,rey,,,,,responsabilidad,extravagancia,efecto,,['roma'],division suelo,,,poder ser habitable,vecindad,,,,,,vuelta,,,,hablar,,tener mente claro,,pedir ayuda,,,,,,,,,"['película', 'libro', 'videjuego']",orgullo,,acir,dos persona
,,,,experiencia,,,atencion,,rayar,,,valiente,,,,,,,,asco,,,recibir gente,equipo fútbol,aparecer jardín noche,,,,encantamiento,,reparación ropa,atencion,['material organico'],chocolate,,,,,tierno,,['ambiente'],terror,,memorable,nivel,,,marchito,,millonario,,,,oro,,,,,,,,,,,,monte,,emoción,,,mejorar,pensamiento dañino,representante,,,,,persona alto ranguir,,,,,autoridad,salón baile,maquinaria,,['grecia'],agricultura,,,gira torno estrella,pueblo,,,,,,viaje,,,,comunicar él,,paz,,señal,,,,,,,,,"['película', 'libro', 'videjuego']",exceso seguridad,,manzán uva,union
,,,,fuerza,,,pilar familia,,,,,descarado,,,,,,,,mal olor,,,,pirata,dejar camino transitar,,,,magia,,diseño vestuario,lujo,['cubrir'],placer,,,,,lindo,,['contexto social'],fantasma,,inolvidable,respetar,,,encanto,,loteer,,,,solido pequeño,,,,,,,,,,,,valle,,,,,,maldad,duración cargo,,,,,mandatario,,,,,seguridad,lugar ceremonia,superficie control,,['antiguo'],porcion terreno,,,gira propio eje,habitado,,,,,,venir,,,,vibración,,depuración,,dar apoyo,,,,,,,,,"['película', 'libro', 'videjuego']",necesidad admiración,,decir persona mal genio,
,,,,empleo,,,amor,,,,,extraño,,,,,,,,descomposicion,,,,dar orden,país consumir alimento,,,,maldicion,,maquín coser,,['desabrido'],torta,,,,,bonito,,['ambito acción'],oscuridad,,,visto,,,exprecion,,buen suerte,,,,playa,,,,,,,,,,,,liso,,,,,,generar daño,presidencial,,,,,persona control,,,,,responsable legal cualquiera eventualidad,construcción grande,distinto material,,['deidad'],,,,poder ser gaseoso rocoso,denso,,,,,,dar vuelta,,,,alteración,,institución público,,prestar auxilio,,,,,,,,,['misterio'],egocentrismo,,fermentación,
,,,,herramienta,,,fundamental,,,,,,,,,,,,,accidente,,,,guía demá,poder producir asco,,,,hechacer,,coser ropa mano,,['proteger'],manjar,,,,,simpatico,,['naturaleza'],espiritus,,,visto economico,,,malo creacion,,riqueza,,,,parte pequeño,,,,,,,,,,,,,,,,,,perversidad,mandatario elegido democráticamente,,,,,persona poder,,,,,cariño padre,ostentoso,,,['cementerio'],,,,poder ser gaseoso rocoso,frondoso,,,,,,devolver él,,,,respuesta,,,,sos,,,,,,,,,['libro'],pecar,,poder ser manzán,
,,,,,,,rol seguir,,,,,,,,,,,,,muerte,,,,planifico,caparazon,,,,mago,,unir trozo ropa,,['rodear'],alfajor,,,,,solidario,,['marco trabajo'],,,,visto social,,,apariencia,,,,,,porción pequeño,,,,,,,,,,,,,,,,,,maldad,elegir vocero,,,,,persona dinastir,,,,,cariño madre,imponente,,,['respetar'],,,,poder tener agua,pelo,,,,,,hacia atrás,,,,consecuencia,,,,salvar vida,,,,,,,,,['historia antiguo mundo'],concepto filosófico,,usar ensalada general,
,,,,,,,aconsejar,,,,,,,,,,,,,calaverar,,,,estratega,lento,,,,demonio,,hi él,,['fruta'],completo,,,,,generoso,,['alrededor lugar'],,,,cariño,,,,,,,,,arena,,,,,,,,,,,,,,,,,,mala intención,contrato,,,,,personaje renombre,,,,,madurez,vivir reyes,,,['sagrado'],,,,seguir órbita elíptico,mucho gente,,,,,,punto inicio,,,,repeticion,,,,preparado,,,,,,,,,['ser mitológico famoso'],religión,,generar reacción químico,
,,,,,,,,,,,,,,,,,,,,músculo,,,,,dejar huella,,,,complejo,,coser,,['desprender'],churrascir,,,,,gratitud,,['ambiente'],,,,seguimiento,,,,,,,,,tipo rocar,,,,,,,,,,,,,,,,,,buscar hacer daño,poder ser distinto tipo,,,,,rey reina,,,,,relacionado religión,soler ser grande,,,['monumento'],,,,soler tener satélite,hogar,,,,,,cambiar dirección,,,,oportunidad,,,,capacitación,,,,,,,,,['noche'],narcisismo,,usar limpiar,
,,,,,,,,,,,,,,,,,,,,putrefacto,,,,,morir sal,,,,libro,,profesión,,['pelar'],papas,,,,,agraciar,,['contexto'],,,,influencia,,,,,,,,,piedra,,,,,,,,,,,,,,,,,,piedad,acto judicial,,,,,jefe,,,,,acompañar alguien proceso religioso,grande jardín,,,['rocar'],,,,campo gravitatorio,vecindad,,,,,,volver casa,,,,entregar contraparte,,,,prevenir,,,,,,,,,['sangre'],orgullo,,alcohol,
,,,,,,,,,,,,,,,,,,,,tieso,,,,,come vegetal,,,,proceso,,generalmente abuelita hacer,,['cortar'],,,,,,bueno ayudar,,['hábitat'],,,,importancia,,,,,,,,,dureza,,,,,,,,,,,,,,,,,,apatir,presidir gobierno,,,,,sucesión trono,,,,,implicar responsbailidad cuidado especial alguien,mucho habitación,,,['concreto'],,,,,,,,,,,final viaje,,,,argumentar discrepancia,,,,necesitar ayuda,,,,,,,,,['cultura popular'],ego,,mal oliente,
,,,,,,,,,,,,,,,,,,,,mal hedor,,,,,baboso,,,,brujo,,bordar,,['rodear fruta'],,,,,,,,['conjunto cosa'],,,,,,,,,,,,,cantera,,,,,,,,,,,,,,,,,,transgresión,,,,,,corona,,,,,implicar responsbailidad cuidado especial alguien,vivir president,,,['templo antiguedad'],,,,,,,,,,,devolución prestado,,,,discusion,,,,necesitar soportir,,,,,,,,,,fantasioso creer él,,natural,
,,,,,,,,,,,,,,,,,,,,ensangrentado,,,,,lentitud,,,,encantamiento,,suturar,,,,,,,,,,['alrededor'],,,,,,,,,,,,,mineer,,,,,,,,,,,,,,,,,,perjudicial,,,,,,poder,,,,,pariente,amplio pasillo,,,['similar cementerio'],,,,,,,,,,,,,,,objetar,,,,apuro,,,,,,,,,,soberbiar,,gourmet,
,,,,,,,,,,,,,,,,,,,,exánime,,,,,baboso,,,,,,creación,,,,,,,,,,['situación'],,,,,,,,,,,,,punto,,,,,,,,,,,,,,,,,,riesgo potencial,,,,,,elegir pueblo,,,,,amigo familia,grande fachada,,,['generar sentimiento respetar'],,,,,,,,,,,,,,,coincidir,,,,problema,,,,,,,,,,creer él,,venir descompuesto,
,,,,,,,,,,,,,,,,,,,,enterrar,,,,,caparazon,,,,,,ropa,,,,,,,,,,['social'],,,,,,,,,,,,,diminutir,,,,,,,,,,,,,,,,,,poder ser peligroso,,,,,,emperador emperatriz,,,,,pacino,,,,['relacionar muerte'],,,,,,,,,,,,,,,,,,,pedir solucion,,,,,,,,,,creer ser mejor persona,,antiguo,
,,,,,,,,,,,,,,,,,,,,tumba,,,,,anti-sal,,,,,,reparación,,,,,,,,,,['natural'],,,,,,,,,,,,,elemento chico,,,,,,,,,,,,,,,,,,siniestro,,,,,,dinastir,,,,,persona cercano,,,,['entrada'],,,,,,,,,,,,,,,,,,,miedo,,,,,,,,,,querer ser admirado,,condimento,
,,,,,,,,,,,,,,,,,,,,,,,,,arrastrar,,,,,,técnica,,,,,,,,,,['laboral'],,,,,,,,,,,,,dentro comida,,,,,,,,,,,,,,,,,,,,,,,,cargo vitalicio,,,,,mafia,,,,['puerta'],,,,,,,,,,,,,,,,,,,desesperacion,,,,,,,,,,pensar superior,,fruta,
,,,,,,,,,,,,,,,,,,,,,,,,,vivir caparazon,,,,,,refuerzo,,,,,,,,,,['significar dependiente'],,,,,,,,,,,,,piso,,,,,,,,,,,,,,,,,,,,,,,,popular edad medio,,,,,costumbre antiguo,,,,['zona reunion'],,,,,,,,,,,,,,,,,,,descontrol,,,,,,,,,,ver alguien menos,,descompuesto,
,,,,,,,,,,,,,,,,,,,,,,,,,marino,,,,,,confección,,,,,,,,,,,,,,,,,,,,,,,playa,,,,,,,,,,,,,,,,,,,,,,,,,,,,,fin práctico,,,,['civilizacion antiguo'],,,,,,,,,,,,,,,,,,,necesidad consejo,,,,,,,,,,creer él experto,,pasado moda,
,,,,,,,,,,,,,,,,,,,,,,,,,parasito,,,,,,hilo,,,,,,,,,,,,,,,,,,,,,,,minusculo,,,,,,,,,,,,,,,,,,,,,,,,,,,,,compromiso,,,,['dios'],,,,,,,,,,,,,,,,,,,preocupacion,,,,,,,,,,,,añejo,
,,,,,,,,,,,,,,,,,,,,,,,,,,,,,,,,,,,,,,,,,,,,,,,,,,,,,,ver simple visto,,,,,,,,,,,,,,,,,,,,,,,,,,,,,amigo,,,,['mitología'],,,,,,,,,,,,,,,,,,,,,,,,,,,,,,,ácido,
,,,,,,,,,,,,,,,,,,,,,,,,,,,,,,,,,,,,,,,,,,,,,,,,,,,,,,enano,,,,,,,,,,,,,,,,,,,,,,,,,,,,,persona confianza,,,,['leyenda'],,,,,,,,,,,,,,,,,,,,,,,,,,,,,,,condimento,
,,,,,,,,,,,,,,,,,,,,,,,,,,,,,,,,,,,,,,,,,,,,,,,,,,,,,,visible,,,,,,,,,,,,,,,,,,,,,,,,,,,,,libro película conocido,,,,['colección'],,,,,,,,,,,,,,,,,,,,,,,,,,,,,,,sabor,
,,,,,,,,,,,,,,,,,,,,,,,,,,,,,,,,,,,,,,,,,,,,,,,,,,,,,,,,,,,,,,,,,,,,,,,,,,,,,,,,,,,libro película conocido,,,,['cementerio'],,,,,,,,,,,,,,,,,,,,,,,,,,,,,,,,
,,,,,,,,,,,,,,,,,,,,,,,,,,,,,,,,,,,,,,,,,,,,,,,,,,,,,,,,,,,,,,,,,,,,,,,,,,,,,,,,,,,canción,,,,['antigüedad'],,,,,,,,,,,,,,,,,,,,,,,,,,,,,,,,
,,,,,,,,,,,,,,,,,,,,,,,,,,,,,,,,,,,,,,,,,,,,,,,,,,,,,,,,,,,,,,,,,,,,,,,,,,,,,,,,,,,prestar broma,,,,['antiguo grecia'],,,,,,,,,,,,,,,,,,,,,,,,,,,,,,,,
,,,,,,,,,,,,,,,,,,,,,,,,,,,,,,,,,,,,,,,,,,,,,,,,,,,,,,,,,,,,,,,,,,,,,,,,,,,,,,,,,,,persona conocer,,,,['dios'],,,,,,,,,,,,,,,,,,,,,,,,,,,,,,,,
,,,,,,,,,,,,,,,,,,,,,,,,,,,,,,,,,,,,,,,,,,,,,,,,,,,,,,,,,,,,,,,,,,,,,,,,,,,,,,,,,,,encargado,,,,['difuntir'],,,,,,,,,,,,,,,,,,,,,,,,,,,,,,,,
,,,,,,,,,,,,,,,,,,,,,,,,,,,,,,,,,,,,,,,,,,,,,,,,,,,,,,,,,,,,,,,,,,,,,,,,,,,,,,,,,,,cercano,,,,['lugar recuerdo'],,,,,,,,,,,,,,,,,,,,,,,,,,,,,,,,
,,,,,,,,,,,,,,,,,,,,,,,,,,,,,,,,,,,,,,,,,,,,,,,,,,,,,,,,,,,,,,,,,,,,,,,,,,,,,,,,,,,cariño,,,,['monumento'],,,,,,,,,,,,,,,,,,,,,,,,,,,,,,,,
,,,,,,,,,,,,,,,,,,,,,,,,,,,,,,,,,,,,,,,,,,,,,,,,,,,,,,,,,,,,,,,,,,,,,,,,,,,,,,,,,,,familia,,,,['creencia'],,,,,,,,,,,,,,,,,,,,,,,,,,,,,,,,
,,,,,,,,,,,,,,,,,,,,,,,,,,,,,,,,,,,,,,,,,,,,,,,,,,,,,,,,,,,,,,,,,,,,,,,,,,,,,,,,,,,cargo,,,,['lugar dios'],,,,,,,,,,,,,,,,,,,,,,,,,,,,,,,,
,,,,,,,,,,,,,,,,,,,,,,,,,,,,,,,,,,,,,,,,,,,,,,,,,,,,,,,,,,,,,,,,,,,,,,,,,,,,,,,,,,,confianza,,,,['tradición'],,,,,,,,,,,,,,,,,,,,,,,,,,,,,,,,
,,,,,,,,,,,,,,,,,,,,,,,,,,,,,,,,,,,,,,,,,,,,,,,,,,,,,,,,,,,,,,,,,,,,,,,,,,,,,,,,,,,cuidador,,,,['fe'],,,,,,,,,,,,,,,,,,,,,,,,,,,,,,,,
,,,,,,,,,,,,,,,,,,,,,,,,,,,,,,,,,,,,,,,,,,,,,,,,,,,,,,,,,,,,,,,,,,,,,,,,,,,,,,,,,,,asir,,,,['templo'],,,,,,,,,,,,,,,,,,,,,,,,,,,,,,,,
,,,,,,,,,,,,,,,,,,,,,,,,,,,,,,,,,,,,,,,,,,,,,,,,,,,,,,,,,,,,,,,,,,,,,,,,,,,,,,,,,,,ayuda,,,,['legar'],,,,,,,,,,,,,,,,,,,,,,,,,,,,,,,,
,,,,,,,,,,,,,,,,,,,,,,,,,,,,,,,,,,,,,,,,,,,,,,,,,,,,,,,,,,,,,,,,,,,,,,,,,,,,,,,,,,,responsabilidad,,,,['sepultura'],,,,,,,,,,,,,,,,,,,,,,,,,,,,,,,,
,,,,,,,,,,,,,,,,,,,,,,,,,,,,,,,,,,,,,,,,,,,,,,,,,,,,,,,,,,,,,,,,,,,,,,,,,,,,,,,,,,,,,,,['dedicacion'],,,,,,,,,,,,,,,,,,,,,,,,,,,,,,,,
,,,,,,,,,,,,,,,,,,,,,,,,,,,,,,,,,,,,,,,,,,,,,,,,,,,,,,,,,,,,,,,,,,,,,,,,,,,,,,,,,,,,,,,['sagrado'],,,,,,,,,,,,,,,,,,,,,,,,,,,,,,,,
